{
    "('08197', '4.05')": {
        "z_scales": [
            0.1,
            0.2,
            0.3,
            0.4,
            0.5,
            0.6,
            0.7,
            0.8,
            0.9,
            1.0
        ],
        "qualities": [
            0.0033227865816531123,
            0.0032708567725922314,
            0.003292180139812437,
            0.003403778779751541,
            0.0042810195355307635,
            0.004530578620155601,
            0.004935175296419539,
            0.005471190406858977,
            0.006948073812529934,
            0.007723038704505936
        ],
        "min_z_scale": 0.15184481517551493,
        "min_quality": 0.003264515468525529,
        "fit_params": [
            0.0012813170750457735,
            0.004585140226877888,
            -0.0014801267829553932,
            0.0033790601939724667
        ],
        "fit_type": "_cubic_func"
    }
}