{
    "('08197', '4.05')": {
        "z_scales": [
            0.1,
            0.1518,
            0.1552,
            0.2,
            0.3,
            0.4,
            0.5,
            0.6,
            0.7,
            0.8,
            0.9,
            1.0
        ],
        "qualities": [
            0.0033227865816531123,
            0.0032878202207023478,
            0.0032858145422724493,
            0.0032708567725922314,
            0.003292180139812437,
            0.003403778779751541,
            0.0042810195355307635,
            0.004530578620155601,
            0.004935175296419539,
            0.005471190406858977,
            0.006948073812529934,
            0.007723038704505936
        ],
        "min_z_scale": 0.1901508344083229,
        "min_z_scale_std": 0.019408355202226533,
        "min_quality": 0.003270738770656141,
        "method_results": [
            [
                "Data Minimum",
                0.2,
                0.0032708567725922314
            ],
            [
                "Focused Quadratic",
                0.20515754066857314,
                0.0032435302984445483
            ],
            [
                "Spline Interpolation",
                0.15675675675675677,
                0.0032744116402690987
            ],
            [
                "Direct Optimization",
                0.1985702278833399,
                0.003270835133614923
            ]
        ]
    }
}