{
    "('08197', '4.05')": {
        "z_scales": [
            0.1,
            0.1518,
            0.1552,
            0.1902,
            0.1917,
            0.2,
            0.3,
            0.4,
            0.5,
            0.6,
            0.7,
            0.8,
            0.9,
            1.0
        ],
        "qualities": [
            0.0033227865816531123,
            0.0032878202207023478,
            0.0032858145422724493,
            0.0032729707774778764,
            0.003272595673011514,
            0.0032708567725922314,
            0.003292180139812437,
            0.003403778779751541,
            0.0042810195355307635,
            0.004530578620155601,
            0.004935175296419539,
            0.005471190406858977,
            0.006948073812529934,
            0.007723038704505936
        ],
        "min_z_scale": 0.19175544729398372,
        "min_z_scale_std": 0.02029514975450427,
        "min_quality": 0.003271360715084672,
        "method_results": [
            [
                "Data Minimum",
                0.2,
                0.0032708567725922314
            ],
            [
                "Focused Quadratic",
                0.20498982297370602,
                0.003251196500316468
            ],
            [
                "Spline Interpolation",
                0.15675675675675677,
                0.0032723125124286038
            ],
            [
                "Direct Optimization",
                0.20520429892276787,
                0.0032705172543349118
            ]
        ]
    }
}