{
    "z_scale": "0.2",
    "teff_periodicity": 299.9999999999999,
    "logg_periodicity": 0.10273295409040795,
    "teff_std": 141.42135623730945,
    "logg_std": 0.03728782942932636,
    "n_clusters": 6,
    "pattern_features": {
        "quality_gradient_regions": [
            [
                8000.0,
                8424.489795918367,
                4.057142857142857,
                4.085714285714285
            ],
            [
                8751.020408163266,
                8800.0,
                4.1,
                4.114285714285714
            ],
            [
                8000.0,
                8800.0,
                4.114285714285714,
                4.285714285714286
            ],
            [
                8000.0,
                8800.0,
                4.457142857142857,
                4.6
            ]
        ],
        "teff_sensitivity": 0.00014820265589993512,
        "logg_sensitivity": -0.000215219865472866,
        "symmetry_score": 0.8326897624864185,
        "symmetry_x": 0.8472417466195326,
        "symmetry_y": 0.8181377783533045,
        "local_minima": [
            [
                8146.938775510204,
                4.042857142857143,
                0.0031968514090739953
            ],
            [
                8261.224489795919,
                4.042857142857143,
                0.003239972836855267
            ],
            [
                8506.122448979591,
                4.085714285714285,
                0.0035266802924715673
            ],
            [
                8163.265306122449,
                4.171428571428571,
                0.0036845087676783597
            ],
            [
                8277.551020408164,
                4.142857142857142,
                0.003874256742461215
            ],
            [
                8702.040816326531,
                4.142857142857142,
                0.0039061710101974153
            ],
            [
                8277.551020408164,
                4.485714285714286,
                0.003927607020192328
            ],
            [
                8375.510204081633,
                4.428571428571428,
                0.004181016792373567
            ],
            [
                8702.040816326531,
                4.485714285714286,
                0.0046739293905067245
            ],
            [
                8424.489795918367,
                4.271428571428571,
                0.004679316846382497
            ],
            [
                8604.081632653062,
                4.542857142857143,
                0.005550430029112051
            ]
        ]
    },
    "predicted_points": {
        "teff": [
            8413.793103448275,
            8386.206896551725,
            8275.862068965518,
            8275.862068965518,
            8634.48275862069,
            8634.48275862069,
            8027.586206896552,
            8551.724137931034,
            8248.275862068966,
            8027.586206896552,
            8772.413793103447,
            8551.724137931034,
            8248.275862068966,
            8468.965517241379,
            8331.034482758621,
            8689.655172413793,
            8110.3448275862065,
            8331.034482758621,
            8468.965517241379,
            8717.241379310344,
            8082.758620689655,
            8386.206896551725,
            8413.793103448275,
            8386.206896551725,
            8413.793103448275,
            8110.3448275862065,
            8689.655172413793,
            8717.241379310344,
            8082.758620689655,
            8275.862068965518,
            8275.862068965518,
            8634.48275862069,
            8027.586206896552,
            8772.413793103447,
            8248.275862068966,
            8551.724137931034,
            8027.586206896552,
            8772.413793103447,
            8331.034482758621,
            8386.206896551725,
            8413.793103448275,
            8468.965517241379,
            8331.034482758621,
            8717.241379310344,
            8717.241379310344,
            8082.758620689655,
            8082.758620689655,
            8413.793103448275,
            8386.206896551725,
            8275.862068965518,
            8137.931034482759,
            8662.068965517241,
            8275.862068965518,
            8634.48275862069,
            8634.48275862069,
            8551.724137931034,
            8248.275862068966,
            8027.586206896552,
            8027.586206896552,
            8772.413793103447,
            8772.413793103447,
            8551.724137931034,
            8248.275862068966,
            8165.517241379311,
            8468.965517241379,
            8331.034482758621,
            8717.241379310344,
            8082.758620689655,
            8468.965517241379,
            8331.034482758621,
            8717.241379310344,
            8082.758620689655,
            8662.068965517241,
            8137.931034482759,
            8275.862068965518,
            8358.620689655172,
            8441.379310344828,
            8137.931034482759,
            8662.068965517241,
            8275.862068965518,
            8634.48275862069,
            8027.586206896552,
            8772.413793103447,
            8248.275862068966,
            8165.517241379311,
            8027.586206896552,
            8772.413793103447,
            8165.517241379311,
            8248.275862068966,
            8551.724137931034,
            8468.965517241379,
            8331.034482758621,
            8331.034482758621,
            8468.965517241379,
            8441.379310344828,
            8358.620689655172,
            8137.931034482759,
            8662.068965517241,
            8744.827586206897,
            8055.172413793103,
            8441.379310344828,
            8358.620689655172,
            8634.48275862069,
            8634.48275862069,
            8248.275862068966,
            8551.724137931034,
            8165.517241379311,
            8551.724137931034,
            8248.275862068966,
            8331.034482758621,
            8468.965517241379,
            8331.034482758621,
            8468.965517241379,
            8137.931034482759,
            8662.068965517241,
            8744.827586206897,
            8055.172413793103,
            8441.379310344828,
            8358.620689655172,
            8662.068965517241,
            8137.931034482759,
            8744.827586206897,
            8055.172413793103,
            8634.48275862069,
            8634.48275862069,
            8165.517241379311,
            8248.275862068966,
            8551.724137931034,
            8248.275862068966,
            8551.724137931034,
            8165.517241379311,
            8441.379310344828,
            8358.620689655172,
            8137.931034482759,
            8055.172413793103,
            8744.827586206897,
            8358.620689655172,
            8441.379310344828,
            8137.931034482759,
            8662.068965517241,
            8634.48275862069,
            8634.48275862069,
            8551.724137931034,
            8248.275862068966,
            8165.517241379311,
            8248.275862068966,
            8551.724137931034,
            8165.517241379311,
            8744.827586206897,
            8055.172413793103,
            8358.620689655172,
            8662.068965517241,
            8137.931034482759,
            8055.172413793103,
            8744.827586206897,
            8441.379310344828,
            8358.620689655172,
            8662.068965517241,
            8137.931034482759,
            8165.517241379311,
            8165.517241379311,
            8055.172413793103,
            8358.620689655172,
            8441.379310344828,
            8662.068965517241,
            8137.931034482759,
            8662.068965517241,
            8137.931034482759,
            8055.172413793103,
            8744.827586206897,
            8441.379310344828,
            8358.620689655172,
