{
    "z_scale": "0.2",
    "teff_periodicity": 200.0,
    "logg_periodicity": 0.34999999999999987,
    "teff_std": 0.0,
    "logg_std": 3.187902071466068e-16,
    "n_clusters": 4,
    "predicted_points": {
        "teff": [
            8412.121212121212,
            8274.747474747475,
            8686.868686868687,
            8678.787878787878,
            8088.888888888889,
            8088.888888888889,
            8484.848484848484,
            8420.20202020202,
            8727.272727272728,
            8622.222222222223,
            8581.818181818182,
            8589.89898989899,
            8783.838383838383,
            8670.70707070707,
            8783.838383838383,
            8315.151515151516,
            8420.20202020202,
            8517.171717171717,
            8686.868686868687,
            8670.70707070707,
            8727.272727272728,
            8662.626262626263,
            8412.121212121212,
            8783.838383838383,
            8573.737373737375,
            8008.080808080808,
            8654.545454545454,
            8678.787878787878,
            8638.38383838384,
            8323.232323232323,
            8727.272727272728,
            8008.080808080808,
            8775.757575757576,
            8210.10101010101,
            8727.272727272728,
            8517.171717171717,
            8509.09090909091,
            8686.868686868687,
            8210.10101010101,
            8711.111111111111,
            8711.111111111111,
            8719.191919191919,
            8509.09090909091,
            8775.757575757576,
            8678.787878787878,
            8622.222222222223,
            8573.737373737375,
            8711.111111111111,
            8282.828282828283,
            8258.585858585859,
            8686.868686868687,
            8751.515151515152,
            8791.919191919193,
            8775.757575757576,
            8282.828282828283,
            8791.919191919193,
            8719.191919191919,
            8678.787878787878,
            8719.191919191919,
            8783.838383838383,
            8751.515151515152,
            8638.38383838384,
            8614.141414141413,
            8678.787878787878,
            8581.818181818182,
            8686.868686868687,
            8783.838383838383,
            8412.121212121212,
            8719.191919191919,
            8589.89898989899,
            8759.59595959596,
            8614.141414141413,
            8678.787878787878,
            8711.111111111111,
            8791.919191919193,
            8581.818181818182,
            8638.38383838384,
            8719.191919191919,
            8412.121212121212,
            8727.272727272728,
            8315.151515151516,
            8767.676767676769,
            8743.434343434343,
            8290.90909090909,
            8581.818181818182,
            8719.191919191919,
            8719.191919191919,
            8589.89898989899,
            8274.747474747475,
            8509.09090909091,
            8509.09090909091,
            8719.191919191919,
            8581.818181818182,
            8767.676767676769,
            8670.70707070707,
            8686.868686868687,
            8266.666666666666,
            8791.919191919193,
            8589.89898989899,
            8686.868686868687,
            8315.151515151516,
            8783.838383838383,
            8783.838383838383,
            8743.434343434343,
            8662.626262626263,
            8759.59595959596,
            8686.868686868687,
            8711.111111111111,
            8751.515151515152,
            8711.111111111111,
            8630.30303030303,
            8266.666666666666,
            8791.919191919193,
            8670.70707070707,
            8686.868686868687,
            8589.89898989899,
            8711.111111111111,
            8630.30303030303,
            8791.919191919193,
            8315.151515151516,
            8775.757575757576,
            8711.111111111111,
            8614.141414141413,
            8751.515151515152,
            8759.59595959596,
            8290.90909090909,
            8711.111111111111,
            8589.89898989899,
            8662.626262626263,
            8622.222222222223,
            8759.59595959596,
            8711.111111111111,
            8791.919191919193,
            8735.353535353535,
            8711.111111111111,
            8711.111111111111,
            8274.747474747475,
            8630.30303030303,
            8775.757575757576,
            8735.353535353535,
            8791.919191919193,
            8678.787878787878,
            8614.141414141413,
            8767.676767676769,
            8282.828282828283,
            8719.191919191919,
            8743.434343434343,
            8274.747474747475,
            8767.676767676769,
            8589.89898989899,
            8783.838383838383,
            8282.828282828283,
            8767.676767676769,
            8727.272727272728,
            8686.868686868687,
            8743.434343434343,
            8290.90909090909,
            8622.222222222223,
            8775.757575757576,
            8589.89898989899,
            8282.828282828283,
            8622.222222222223,
            8686.868686868687,
            8783.838383838383,
            8719.191919191919,
            8290.90909090909,
            8670.70707070707,
            8670.70707070707,
            8727.272727272728,
            8678.787878787878,
            8791.919191919193,
            8775.757575757576,
            8735.353535353535,
            8290.90909090909,
            8775.757575757576,
            8711.111111111111,
            8614.141414141413,
            8711.111111111111,
            8735.353535353535,
            8614.141414141413,
            8783.838383838383,
            8791.919191919193,
            8678.787878787878,
            8719.191919191919,
            8727.272727272728,
            8783.838383838383,
            8678.787878787878,
            8727.272727272728,
            8783.838383838383,
            8686.868686868687,
            8686.868686868687,
            8791.919191919193,
            8719.191919191919,
            8719.191919191919,
            8711.111111111111,
            8686.868686868687,
            8791.919191919193,
            8711.111111111111,
            8791.919191919193,
            8711.111111111111
        ],