{
    "z_scale": "0.2",
    "teff_periodicity": 36.36363636363637,
    "logg_periodicity": 0.07777777777777775,
    "teff_std": 0.0,
    "logg_std": 3.187902071466068e-16,
    "n_clusters": 4,
    "predicted_points": {
        "teff": [
            8735.353535353535,
            8711.111111111111,
            8274.747474747475,
            8711.111111111111,
            8581.818181818182,
            8767.676767676769,
            8678.787878787878,
            8274.747474747475,
            8646.464646464647,
            8686.868686868687,
            8557.575757575758,
            8678.787878787878,
            8509.09090909091,
            8331.31313131313,
            8315.151515151516,
            8614.141414141413,
            8791.919191919193,
            8412.121212121212,
            8614.141414141413,
            8379.79797979798,
            8387.878787878788,
            8767.676767676769,
            8282.828282828283,
            8783.838383838383,
            8210.10101010101,
            8412.121212121212,
            8589.89898989899,
            8783.838383838383,
            8638.38383838384,
            8638.38383838384,
            8509.09090909091,
            8387.878787878788,
            8290.90909090909,
            8315.151515151516,
            8711.111111111111,
            8791.919191919193,
            8565.656565656565,
            8509.09090909091,
            8589.89898989899,
            8412.121212121212,
            8767.676767676769,
            8589.89898989899,
            8387.878787878788,
            8290.90909090909,
            8315.151515151516,
            8686.868686868687,
            8735.353535353535,
            8420.20202020202,
            8355.555555555555,
            8387.878787878788,
            8678.787878787878,
            8727.272727272728,
            8662.626262626263,
            8662.626262626263,
            8686.868686868687,
            8767.676767676769,
            8282.828282828283,
            8686.868686868687,
            8783.838383838383,
            8525.252525252525,
            8719.191919191919,
            8670.70707070707,
            8775.757575757576,
            8315.151515151516,
            8727.272727272728,
            8347.474747474747,
            8735.353535353535,
            8266.666666666666,
            8589.89898989899,
            8282.828282828283,
            8573.737373737375,
            8444.444444444445,
            8630.30303030303,
            8589.89898989899,
            8614.141414141413,
            8791.919191919193,
            8775.757575757576,
            8533.333333333334,
            8258.585858585859,
            8719.191919191919,
            8670.70707070707,
            8290.90909090909,
            8622.222222222223,
            8775.757575757576,
            8371.717171717171,
            8290.90909090909,
            8727.272727272728,
            8775.757575757576,
            8727.272727272728,
            8274.747474747475,
            8290.90909090909,
            8791.919191919193,
            8670.70707070707,
            8589.89898989899,
            8339.39393939394,
            8783.838383838383,
            8630.30303030303,
            8719.191919191919,
            8711.111111111111,
            8783.838383838383,
            8791.919191919193,
            8678.787878787878,
            8476.767676767677,
            8711.111111111111,
            8678.787878787878,
            8686.868686868687,
            8266.666666666666,
            8282.828282828283,
            8541.414141414141,
            8719.191919191919,
            8783.838383838383,
            8686.868686868687,
            8339.39393939394,
            8719.191919191919,
            8444.444444444445,
            8783.838383838383,
            8678.787878787878,
            8517.171717171717,
            8347.474747474747,
            8371.717171717171,
            8581.818181818182,
            8614.141414141413,
            8791.919191919193,
            8541.414141414141,
            8711.111111111111,
            8791.919191919193,
            8290.90909090909,
            8686.868686868687,
            8711.111111111111,
            8363.636363636364,
            8484.848484848484,
            8686.868686868687,
            8581.818181818182,
            8711.111111111111,
            8274.747474747475,
            8347.474747474747,
            8355.555555555555,
            8791.919191919193,
            8791.919191919193,
            8412.121212121212,
            8622.222222222223,
            8355.555555555555,
            8549.494949494949,
            8282.828282828283,
            8323.232323232323,
            8565.656565656565,
            8452.525252525253,
            8573.737373737375,
            8557.575757575758,
            8339.39393939394,
            8331.31313131313,
            8509.09090909091,
            8436.363636363636,
            8282.828282828283,
            8331.31313131313,
            8315.151515151516,
            8412.121212121212,
            8557.575757575758,
            8589.89898989899,
            8614.141414141413,
            8533.333333333334,
            8549.494949494949,
            8290.90909090909,
            8565.656565656565,
            8379.79797979798,
            8460.60606060606,
            8452.525252525253,
            8363.636363636364,
            8323.232323232323,
            8573.737373737375,
            8476.767676767677,
            8290.90909090909,
            8460.60606060606,
            8420.20202020202,
            8484.848484848484,
            8428.282828282829,
            8444.444444444445,
            8468.68686868687,
            8315.151515151516,
            8541.414141414141,
            8468.68686868687,
            8581.818181818182,
            8371.717171717171,
            8517.171717171717,
            8428.282828282829,
            8509.09090909091,
            8436.363636363636,
            8589.89898989899,
            8525.252525252525,
            8533.333333333334,
            8379.79797979798,
            8387.878787878788,
            8525.252525252525,
            8420.20202020202,
            8387.878787878788,
            8476.767676767677,
            8517.171717171717,
            8412.121212121212,
            8484.848484848484,
            8509.09090909091
        ],