{
    "z_scale": "0.2",
    "special_points": [
        {
            "teff": 8174.0,
            "logg": 4.05,
            "quality": 0.0032628345233095195
        },
        {
            "teff": 8197.0,
            "logg": 4.05,
            "quality": 0.0032708567725922314
        }
    ],
    "timestamp": "20250425_014023",
    "count": 2
}